{"cameraMode":{"drawMode":0,"name":"Shaded","section":"Shading Mode"},"sceneLighting":false,"audioPlay":false,"sceneViewState":{"showFog":true,"showMaterialUpdate":false,"showSkybox":false,"showFlares":true,"showImageEffects":true,"showParticleSystems":true},"in2DMode":false,"pivot":{"x":0.31972333788871767,"y":0.955923318862915,"z":-0.010258674621582032},"rotation":{"x":0.010528146289288998,"y":0.9430229067802429,"z":-0.33125951886177065,"w":0.030003700405359269},"size":5.378471851348877,"orthographic":false}