{"cameraMode":{"drawMode":0,"name":"Shaded","section":"Shading Mode"},"sceneLighting":false,"audioPlay":false,"sceneViewState":{"showFog":true,"showMaterialUpdate":false,"showSkybox":false,"showFlares":true,"showImageEffects":true,"showParticleSystems":true},"in2DMode":false,"pivot":{"x":0.000003814697265625,"y":-2.083125591278076,"z":-0.0000019073486328125},"rotation":{"x":0.016781488433480264,"y":0.9227622747421265,"z":-0.38288047909736636,"w":0.040443673729896548},"size":74.55538177490235,"orthographic":false}